21/04/2024 09:00,Edinburgh,Jesse Franco,"Regular Flavoured iced latte - Hazelnut - 2.75, Large Speciality Tea - Green - 1.60",4.35,CASH,
21/04/2024 09:01,Edinburgh,Rose Jackson,"Large Speciality Tea - Green - 1.60, Regular Smoothies - Glowing Greens - 2.00",3.6,CARD,8032985528327355
21/04/2024 09:03,Edinburgh,Albert Kenney,Large Flavoured iced latte - Hazelnut - 3.25,3.25,CARD,4067790083911858
21/04/2024 09:05,Edinburgh,Carol Dickens,Regular Speciality Tea - Earl Grey - 1.30,1.3,CARD,3634783640542530
21/04/2024 09:07,Edinburgh,Brenda Avila,Large Flavoured iced latte - Hazelnut - 3.25,3.25,CARD,4461004233326644
21/04/2024 09:09,Edinburgh,Gladys Vandenbosch,"Regular Americano - 1.95, Regular Speciality Tea - Green - 1.30, Regular Smoothies - Carrot Kick - 2.00, Regular Mocha - 2.30",7.55,CARD,5179414407798244
21/04/2024 09:10,Edinburgh,Joyce Saadd,"Large Speciality Tea - Fruit - 1.60, Large Smoothies - Glowing Greens - 2.50, Large Mocha - 2.70",6.8,CARD,3007856066766483
21/04/2024 09:12,Edinburgh,Charles Oberry,Regular Speciality Tea - Green - 1.30,1.3,CARD,6277015137756705
21/04/2024 09:14,Edinburgh,Mildred Keys,Regular Flavoured iced latte - Hazelnut - 2.75,2.75,CARD,8724889104703551
21/04/2024 09:16,Edinburgh,Marshall Johnson,"Regular Speciality Tea - Green - 1.30, Regular Flavoured iced latte - Hazelnut - 2.75",4.05,CARD,7011357987556591
21/04/2024 09:18,Edinburgh,Heather Sensabaugh,"Regular Smoothies - Glowing Greens - 2.00, Large Smoothies - Carrot Kick - 2.50, Large Chai latte - 2.60, Regular Speciality Tea - Fruit - 1.30",8.4,CASH,
21/04/2024 09:19,Edinburgh,Victoria Song,"Large Speciality Tea - Fruit - 1.60, Large Smoothies - Carrot Kick - 2.50",4.1,CASH,
21/04/2024 09:21,Edinburgh,Roy Davis,"Regular Chai latte - 2.30, Regular Flavoured iced latte - Hazelnut - 2.75",5.05,CARD,8442550516425205
21/04/2024 09:23,Edinburgh,William Vizzi,"Large Speciality Tea - Earl Grey - 1.60, Regular Americano - 1.95, Regular Speciality Tea - Green - 1.30, Large Flavoured latte - Hazelnut - 2.85",7.7,CARD,5322418686351229
21/04/2024 09:25,Edinburgh,Lena Kinney,"Regular Smoothies - Carrot Kick - 2.00, Regular Smoothies - Glowing Greens - 2.00, Regular Speciality Tea - Earl Grey - 1.30, Large Flavoured iced latte - Hazelnut - 3.25, Regular Mocha - 2.30, Large Chai latte - 2.60",13.45,CARD,6130018722673855
21/04/2024 09:27,Edinburgh,Mable Guzman,"Large Speciality Tea - Earl Grey - 1.60, Regular Smoothies - Glowing Greens - 2.00, Regular Mocha - 2.30, Large Americano - 2.25, Regular Americano - 1.95",10.1,CARD,9261417792678839
21/04/2024 09:29,Edinburgh,Barbara Hardin,Regular Americano - 1.95,1.95,CARD,4726657638235530
21/04/2024 09:30,Edinburgh,Peggy Sloan,"Large Flavoured iced latte - Hazelnut - 3.25, Large Mocha - 2.70, Regular Speciality Tea - Earl Grey - 1.30",7.25,CARD,1300903615702467
21/04/2024 09:32,Edinburgh,Christa Emond,Large Smoothies - Glowing Greens - 2.50,2.5,CARD,2114621215339828
21/04/2024 09:34,Edinburgh,Steve Popken,"Large Americano - 2.25, Regular Flavoured latte - Hazelnut - 2.55, Large Mocha - 2.70, Large Flavoured iced latte - Hazelnut - 3.25, Regular Chai latte - 2.30",13.05,CASH,
21/04/2024 09:36,Edinburgh,Steven Johnson,"Large Mocha - 2.70, Regular Speciality Tea - Green - 1.30",4.0,CARD,3409108082479038
21/04/2024 09:38,Edinburgh,Luis White,"Large Speciality Tea - Fruit - 1.60, Regular Mocha - 2.30",3.9,CARD,9829392175221297
21/04/2024 09:39,Edinburgh,Ira Soliz,"Large Speciality Tea - Green - 1.60, Large Speciality Tea - Green - 1.60, Regular Speciality Tea - Fruit - 1.30, Regular Smoothies - Glowing Greens - 2.00, Regular Speciality Tea - Green - 1.30, Large Speciality Tea - Green - 1.60",9.4,CARD,9971370559928938
21/04/2024 09:41,Edinburgh,Henry Field,Regular Speciality Tea - Earl Grey - 1.30,1.3,CARD,9651661567217565
21/04/2024 09:43,Edinburgh,Edna Sump,"Regular Flavoured latte - Hazelnut - 2.55, Regular Speciality Tea - Fruit - 1.30, Regular Speciality Tea - Green - 1.30, Regular Speciality Tea - Fruit - 1.30, Large Flavoured iced latte - Hazelnut - 3.25",9.7,CASH,
21/04/2024 09:45,Edinburgh,Ralph Murphy,"Regular Americano - 1.95, Regular Smoothies - Carrot Kick - 2.00, Regular Americano - 1.95, Regular Mocha - 2.30",8.2,CASH,
21/04/2024 09:47,Edinburgh,Joseph Rivera,"Large Flavoured iced latte - Hazelnut - 3.25, Regular Speciality Tea - Earl Grey - 1.30, Large Speciality Tea - Fruit - 1.60, Large Chai latte - 2.60",8.75,CASH,
21/04/2024 09:49,Edinburgh,Timothy Whelan,"Large Speciality Tea - Green - 1.60, Regular Speciality Tea - Fruit - 1.30",2.9,CARD,5882379869381433
21/04/2024 09:50,Edinburgh,Ashley Barre,Regular Mocha - 2.30,2.3,CARD,3516630227084961
21/04/2024 09:52,Edinburgh,Tina Thompson,"Regular Smoothies - Carrot Kick - 2.00, Large Mocha - 2.70, Regular Smoothies - Glowing Greens - 2.00, Regular Flavoured iced latte - Hazelnut - 2.75",9.45,CARD,6542649039069609
21/04/2024 09:54,Edinburgh,Lynn Blum,Large Flavoured iced latte - Hazelnut - 3.25,3.25,CARD,3027250228616848
21/04/2024 09:56,Edinburgh,Daniel Garcia,"Regular Speciality Tea - Green - 1.30, Large Chai latte - 2.60, Regular Speciality Tea - Earl Grey - 1.30, Large Speciality Tea - Earl Grey - 1.60, Large Speciality Tea - Fruit - 1.60",8.4,CARD,6183765437533608
21/04/2024 09:58,Edinburgh,Craig Peterson,"Large Flavoured latte - Hazelnut - 2.85, Large Flavoured iced latte - Hazelnut - 3.25, Large Speciality Tea - Green - 1.60",7.7,CASH,
21/04/2024 09:59,Edinburgh,Cheryl Ortega,"Regular Smoothies - Carrot Kick - 2.00, Large Speciality Tea - Green - 1.60, Large Smoothies - Glowing Greens - 2.50",6.1,CARD,7513606190217853
21/04/2024 10:01,Edinburgh,Roman Zak,"Regular Chai latte - 2.30, Regular Mocha - 2.30, Regular Flavoured iced latte - Hazelnut - 2.75, Large Chai latte - 2.60",9.95,CASH,
21/04/2024 10:03,Edinburgh,Christine Shelton,"Large Chai latte - 2.60, Regular Speciality Tea - Green - 1.30",3.9,CASH,
21/04/2024 10:04,Edinburgh,Cynthia Erickson,"Large Smoothies - Glowing Greens - 2.50, Regular Smoothies - Glowing Greens - 2.00, Regular Flavoured iced latte - Hazelnut - 2.75",7.25,CARD,9379301563577857
21/04/2024 10:05,Edinburgh,Joseph Tollerud,"Large Flavoured iced latte - Hazelnut - 3.25, Regular Speciality Tea - Green - 1.30, Regular Speciality Tea - Earl Grey - 1.30, Regular Speciality Tea - Green - 1.30",7.15,CASH,
21/04/2024 10:07,Edinburgh,Kenny Rowden,"Regular Speciality Tea - Earl Grey - 1.30, Regular Americano - 1.95, Large Americano - 2.25",5.5,CARD,5856991045475056
21/04/2024 10:08,Edinburgh,Ann Brennan,"Large Speciality Tea - Fruit - 1.60, Regular Americano - 1.95, Regular Flavoured latte - Hazelnut - 2.55, Large Speciality Tea - Fruit - 1.60",7.7,CARD,2505467870612809
21/04/2024 10:09,Edinburgh,Irma Jones,"Large Flavoured iced latte - Hazelnut - 3.25, Regular Chai latte - 2.30, Large Mocha - 2.70, Regular Smoothies - Glowing Greens - 2.00",10.25,CARD,1830440638969286
21/04/2024 10:11,Edinburgh,Daniel Dotson,"Large Chai latte - 2.60, Large Flavoured latte - Hazelnut - 2.85, Large Speciality Tea - Earl Grey - 1.60, Regular Flavoured latte - Hazelnut - 2.55",9.6,CARD,2224541118407961
21/04/2024 10:12,Edinburgh,Duane Madry,Regular Flavoured latte - Hazelnut - 2.55,2.55,CARD,8972836628553552
21/04/2024 10:13,Edinburgh,Joshua Lirette,"Regular Flavoured iced latte - Hazelnut - 2.75, Regular Chai latte - 2.30, Regular Speciality Tea - Green - 1.30, Large Smoothies - Glowing Greens - 2.50, Regular Smoothies - Glowing Greens - 2.00, Large Chai latte - 2.60",13.45,CARD,6242637271508567
21/04/2024 10:15,Edinburgh,Shawn Markley,"Regular Flavoured latte - Hazelnut - 2.55, Regular Mocha - 2.30, Regular Smoothies - Carrot Kick - 2.00",6.85,CARD,3163420586008214
21/04/2024 10:16,Edinburgh,Shirley Marin,"Large Flavoured iced latte - Hazelnut - 3.25, Regular Americano - 1.95, Regular Speciality Tea - Earl Grey - 1.30, Regular Flavoured latte - Hazelnut - 2.55",9.05,CARD,3809331769237697
21/04/2024 10:17,Edinburgh,Jeffrey Smith,"Large Speciality Tea - Fruit - 1.60, Large Americano - 2.25, Large Speciality Tea - Earl Grey - 1.60, Regular Smoothies - Glowing Greens - 2.00, Large Speciality Tea - Green - 1.60",9.05,CARD,8338567815238902
21/04/2024 10:19,Edinburgh,Constance French,"Regular Speciality Tea - Earl Grey - 1.30, Regular Mocha - 2.30, Regular Chai latte - 2.30, Regular Smoothies - Carrot Kick - 2.00",7.9,CASH,
21/04/2024 10:20,Edinburgh,Maria Chagnon,Large Speciality Tea - Earl Grey - 1.60,1.6,CARD,4663515772275526
21/04/2024 10:21,Edinburgh,Jeff Steele,Large Mocha - 2.70,2.7,CARD,6182768628960400
21/04/2024 10:23,Edinburgh,Blair Marks,Large Flavoured iced latte - Hazelnut - 3.25,3.25,CARD,4554727085511179
21/04/2024 10:24,Edinburgh,Joseph Abbott,"Large Speciality Tea - Fruit - 1.60, Regular Mocha - 2.30, Large Speciality Tea - Earl Grey - 1.60",5.5,CASH,
21/04/2024 10:25,Edinburgh,Anthony Allen,"Large Mocha - 2.70, Regular Speciality Tea - Green - 1.30",4.0,CASH,
21/04/2024 10:27,Edinburgh,Annette Langley,Large Flavoured iced latte - Hazelnut - 3.25,3.25,CARD,3426538987001545
21/04/2024 10:28,Edinburgh,Jed Stabler,"Regular Flavoured latte - Hazelnut - 2.55, Large Chai latte - 2.60, Large Chai latte - 2.60, Large Smoothies - Glowing Greens - 2.50, Regular Speciality Tea - Fruit - 1.30, Large Flavoured iced latte - Hazelnut - 3.25",14.8,CARD,1988326455993216
21/04/2024 10:29,Edinburgh,Michael Payne,"Large Smoothies - Glowing Greens - 2.50, Regular Flavoured iced latte - Hazelnut - 2.75, Regular Mocha - 2.30, Regular Smoothies - Glowing Greens - 2.00, Regular Speciality Tea - Green - 1.30, Regular Flavoured iced latte - Hazelnut - 2.75",13.6,CARD,9976918892004467
21/04/2024 10:31,Edinburgh,John Flenory,"Regular Smoothies - Carrot Kick - 2.00, Large Flavoured iced latte - Hazelnut - 3.25",5.25,CARD,6755840201145333
21/04/2024 10:32,Edinburgh,Carolyn Moore,Regular Speciality Tea - Green - 1.30,1.3,CASH,
21/04/2024 10:33,Edinburgh,Clara Welle,"Large Smoothies - Glowing Greens - 2.50, Large Chai latte - 2.60, Regular Speciality Tea - Fruit - 1.30, Regular Smoothies - Glowing Greens - 2.00, Regular Smoothies - Glowing Greens - 2.00",10.4,CASH,
21/04/2024 10:35,Edinburgh,Don Morgret,"Regular Flavoured latte - Hazelnut - 2.55, Regular Speciality Tea - Green - 1.30, Large Smoothies - Carrot Kick - 2.50, Regular Americano - 1.95, Large Speciality Tea - Fruit - 1.60, Large Flavoured iced latte - Hazelnut - 3.25",13.15,CARD,4194875926513349
21/04/2024 10:36,Edinburgh,Barton Baugh,"Regular Flavoured iced latte - Hazelnut - 2.75, Large Smoothies - Glowing Greens - 2.50, Large Speciality Tea - Green - 1.60",6.85,CASH,
21/04/2024 10:37,Edinburgh,Danny Childers,"Regular Flavoured latte - Hazelnut - 2.55, Regular Speciality Tea - Fruit - 1.30",3.85,CARD,7801971175371472
21/04/2024 10:39,Edinburgh,Geraldine Mendoza,"Regular Chai latte - 2.30, Large Americano - 2.25, Large Speciality Tea - Fruit - 1.60",6.15,CARD,8161008226873840
21/04/2024 10:40,Edinburgh,Cheryl Vanover,"Regular Flavoured iced latte - Hazelnut - 2.75, Regular Flavoured iced latte - Hazelnut - 2.75",5.5,CARD,4202707360023155
21/04/2024 10:41,Edinburgh,James Daniel,"Large Chai latte - 2.60, Regular Mocha - 2.30, Regular Flavoured iced latte - Hazelnut - 2.75",7.65,CASH,
21/04/2024 10:43,Edinburgh,Anthony Russell,"Large Flavoured iced latte - Hazelnut - 3.25, Large Flavoured latte - Hazelnut - 2.85, Large Mocha - 2.70",8.8,CASH,
21/04/2024 10:44,Edinburgh,Isabelle Cheek,"Regular Americano - 1.95, Large Speciality Tea - Green - 1.60, Regular Chai latte - 2.30",5.85,CASH,
21/04/2024 10:45,Edinburgh,Barbara Canales,"Regular Flavoured iced latte - Hazelnut - 2.75, Large Flavoured latte - Hazelnut - 2.85, Regular Speciality Tea - Earl Grey - 1.30",6.9,CASH,
21/04/2024 10:47,Edinburgh,William Metts,"Large Smoothies - Glowing Greens - 2.50, Large Speciality Tea - Fruit - 1.60, Large Flavoured iced latte - Hazelnut - 3.25, Regular Americano - 1.95, Large Speciality Tea - Fruit - 1.60, Large Chai latte - 2.60",13.5,CARD,4663124193142350
21/04/2024 10:48,Edinburgh,Cheryl Emery,"Large Flavoured iced latte - Hazelnut - 3.25, Regular Smoothies - Carrot Kick - 2.00, Large Speciality Tea - Green - 1.60",6.85,CARD,2124891305029250
21/04/2024 10:49,Edinburgh,Joshua Link,Regular Smoothies - Glowing Greens - 2.00,2.0,CASH,
21/04/2024 10:51,Edinburgh,John Cole,"Large Smoothies - Carrot Kick - 2.50, Regular Flavoured latte - Hazelnut - 2.55, Large Flavoured latte - Hazelnut - 2.85, Regular Speciality Tea - Earl Grey - 1.30",9.2,CARD,7710013724829189
21/04/2024 10:52,Edinburgh,Michael Raminez,"Regular Chai latte - 2.30, Regular Smoothies - Carrot Kick - 2.00",4.3,CASH,
21/04/2024 10:53,Edinburgh,Gerard Spencer,"Regular Mocha - 2.30, Large Smoothies - Carrot Kick - 2.50, Large Smoothies - Carrot Kick - 2.50, Large Speciality Tea - Earl Grey - 1.60, Large Mocha - 2.70, Regular Speciality Tea - Earl Grey - 1.30",12.9,CARD,5665111710235664
21/04/2024 10:55,Edinburgh,Jason Houston,Regular Flavoured iced latte - Hazelnut - 2.75,2.75,CARD,9979455817479467
21/04/2024 10:56,Edinburgh,Charles Bell,"Regular Smoothies - Carrot Kick - 2.00, Regular Mocha - 2.30",4.3,CARD,2303010531456282
21/04/2024 10:57,Edinburgh,Alicia Moore,Large Mocha - 2.70,2.7,CARD,7063705224917542
21/04/2024 10:59,Edinburgh,Loretta Ziad,"Regular Speciality Tea - Fruit - 1.30, Large Flavoured iced latte - Hazelnut - 3.25, Regular Smoothies - Glowing Greens - 2.00",6.55,CASH,
21/04/2024 11:00,Edinburgh,Amanda Mccord,Large Speciality Tea - Fruit - 1.60,1.6,CARD,2981179440353034
21/04/2024 11:02,Edinburgh,Susan Asquith,"Large Speciality Tea - Green - 1.60, Regular Americano - 1.95, Regular Smoothies - Carrot Kick - 2.00, Regular Flavoured iced latte - Hazelnut - 2.75, Large Flavoured iced latte - Hazelnut - 3.25, Regular Speciality Tea - Earl Grey - 1.30",12.85,CARD,4731120148631763
21/04/2024 11:05,Edinburgh,Ray Picken,"Large Chai latte - 2.60, Large Chai latte - 2.60",5.2,CASH,
21/04/2024 11:07,Edinburgh,Charles Rosi,"Regular Smoothies - Carrot Kick - 2.00, Regular Smoothies - Glowing Greens - 2.00",4.0,CARD,5165593828554613
21/04/2024 11:10,Edinburgh,Frances Imperial,"Large Smoothies - Glowing Greens - 2.50, Regular Chai latte - 2.30, Large Speciality Tea - Earl Grey - 1.60, Regular Smoothies - Glowing Greens - 2.00",8.4,CARD,1056812681338175
21/04/2024 11:12,Edinburgh,Scott Winfield,"Regular Smoothies - Carrot Kick - 2.00, Large Smoothies - Glowing Greens - 2.50",4.5,CASH,
21/04/2024 11:15,Edinburgh,Robert Alteri,Regular Speciality Tea - Earl Grey - 1.30,1.3,CASH,
21/04/2024 11:17,Edinburgh,Judy Fogle,"Regular Americano - 1.95, Regular Flavoured iced latte - Hazelnut - 2.75, Large Flavoured iced latte - Hazelnut - 3.25, Regular Speciality Tea - Green - 1.30",9.25,CARD,7894576692897681
21/04/2024 11:20,Edinburgh,Regina Baron,"Regular Speciality Tea - Green - 1.30, Large Speciality Tea - Earl Grey - 1.60, Regular Flavoured latte - Hazelnut - 2.55, Regular Speciality Tea - Fruit - 1.30, Regular Americano - 1.95",8.7,CASH,
21/04/2024 11:22,Edinburgh,Stephanie Merk,"Regular Speciality Tea - Fruit - 1.30, Regular Speciality Tea - Green - 1.30",2.6,CASH,
21/04/2024 11:25,Edinburgh,Robin Robey,"Regular Speciality Tea - Green - 1.30, Large Smoothies - Glowing Greens - 2.50",3.8,CARD,1010267882674797
21/04/2024 11:27,Edinburgh,Roger Alewine,Large Flavoured iced latte - Hazelnut - 3.25,3.25,CARD,4259161766436444
21/04/2024 11:30,Edinburgh,Cassandra Sanchez,"Regular Chai latte - 2.30, Regular Smoothies - Carrot Kick - 2.00, Regular Speciality Tea - Green - 1.30, Large Flavoured latte - Hazelnut - 2.85, Regular Flavoured latte - Hazelnut - 2.55",11.0,CARD,1428865398087690
21/04/2024 11:32,Edinburgh,Oneida Miller,"Regular Smoothies - Glowing Greens - 2.00, Regular Smoothies - Carrot Kick - 2.00, Large Flavoured iced latte - Hazelnut - 3.25",7.25,CASH,
21/04/2024 11:35,Edinburgh,Connie Grimm,"Regular Smoothies - Carrot Kick - 2.00, Regular Mocha - 2.30, Large Smoothies - Glowing Greens - 2.50",6.8,CASH,
21/04/2024 11:37,Edinburgh,Anthony Chalfant,"Regular Speciality Tea - Earl Grey - 1.30, Regular Speciality Tea - Green - 1.30",2.6,CARD,7249923057970661
21/04/2024 11:40,Edinburgh,Randy Blake,"Large Smoothies - Glowing Greens - 2.50, Large Speciality Tea - Earl Grey - 1.60, Large Speciality Tea - Earl Grey - 1.60",5.7,CASH,
21/04/2024 11:42,Edinburgh,Arnold Whiteside,Regular Smoothies - Glowing Greens - 2.00,2.0,CARD,6504041351971004
21/04/2024 11:45,Edinburgh,Brian Hammond,"Regular Americano - 1.95, Regular Flavoured iced latte - Hazelnut - 2.75, Large Flavoured iced latte - Hazelnut - 3.25, Large Mocha - 2.70, Large Speciality Tea - Green - 1.60",12.25,CARD,4550252529593820
21/04/2024 11:47,Edinburgh,Rickie Brandon,"Regular Smoothies - Carrot Kick - 2.00, Regular Flavoured iced latte - Hazelnut - 2.75",4.75,CASH,
21/04/2024 11:50,Edinburgh,Robert Anderson,"Large Smoothies - Carrot Kick - 2.50, Large Speciality Tea - Green - 1.60",4.1,CARD,8666492634644876
21/04/2024 11:52,Edinburgh,Ronald Lamb,"Regular Speciality Tea - Fruit - 1.30, Regular Mocha - 2.30, Regular Mocha - 2.30, Regular Mocha - 2.30, Regular Chai latte - 2.30, Large Americano - 2.25",12.75,CARD,8323422326507514
21/04/2024 11:55,Edinburgh,Harriet Stevens,"Large Speciality Tea - Green - 1.60, Large Speciality Tea - Fruit - 1.60",3.2,CARD,4580239297759611
21/04/2024 11:57,Edinburgh,John Ruark,Regular Speciality Tea - Earl Grey - 1.30,1.3,CASH,
21/04/2024 12:00,Edinburgh,Kimberly Koetje,"Large Smoothies - Glowing Greens - 2.50, Large Speciality Tea - Green - 1.60, Large Flavoured iced latte - Hazelnut - 3.25, Large Flavoured iced latte - Hazelnut - 3.25",10.6,CARD,2577072408611362
21/04/2024 12:12,Edinburgh,Tijuana Price,"Regular Chai latte - 2.30, Large Speciality Tea - Fruit - 1.60, Regular Speciality Tea - Earl Grey - 1.30, Regular Speciality Tea - Green - 1.30",6.5,CARD,7123898821766658
21/04/2024 12:24,Edinburgh,Maxie Ross,"Regular Americano - 1.95, Regular Mocha - 2.30, Regular Flavoured iced latte - Hazelnut - 2.75, Large Speciality Tea - Earl Grey - 1.60, Large Mocha - 2.70",11.3,CARD,3866699395119586
21/04/2024 12:36,Edinburgh,Salena Thompson,"Large Flavoured latte - Hazelnut - 2.85, Regular Smoothies - Glowing Greens - 2.00, Large Chai latte - 2.60",7.45,CASH,
21/04/2024 12:48,Edinburgh,Carline Zumbrunnen,"Large Flavoured iced latte - Hazelnut - 3.25, Large Chai latte - 2.60, Large Speciality Tea - Green - 1.60, Large Flavoured latte - Hazelnut - 2.85",10.3,CARD,3930971038972061
21/04/2024 13:00,Edinburgh,Daniel Ferguson,"Large Chai latte - 2.60, Regular Americano - 1.95, Large Mocha - 2.70",7.25,CARD,5089133476429851
21/04/2024 13:01,Edinburgh,John Dalessio,Regular Mocha - 2.30,2.3,CARD,4088123880748573
21/04/2024 13:02,Edinburgh,James Hobbs,"Large Flavoured latte - Hazelnut - 2.85, Regular Americano - 1.95, Large Smoothies - Glowing Greens - 2.50, Large Smoothies - Carrot Kick - 2.50, Regular Speciality Tea - Earl Grey - 1.30",11.1,CASH,
21/04/2024 13:03,Edinburgh,Elbert Moore,Regular Mocha - 2.30,2.3,CASH,
21/04/2024 13:04,Edinburgh,Octavio Smith,Regular Mocha - 2.30,2.3,CARD,8972969144190341
21/04/2024 13:05,Edinburgh,Robert Harrington,"Large Speciality Tea - Earl Grey - 1.60, Large Speciality Tea - Fruit - 1.60, Large Speciality Tea - Earl Grey - 1.60, Regular Smoothies - Carrot Kick - 2.00, Regular Flavoured latte - Hazelnut - 2.55",9.35,CARD,3981189328806311
21/04/2024 13:06,Edinburgh,Michael March,"Regular Speciality Tea - Earl Grey - 1.30, Large Smoothies - Glowing Greens - 2.50, Large Americano - 2.25",6.05,CARD,4737117645893466
21/04/2024 13:07,Edinburgh,Wesley Crate,"Large Smoothies - Glowing Greens - 2.50, Regular Smoothies - Glowing Greens - 2.00, Regular Mocha - 2.30, Large Mocha - 2.70, Regular Chai latte - 2.30",11.8,CASH,
21/04/2024 13:08,Edinburgh,Rocky Redmond,Regular Smoothies - Glowing Greens - 2.00,2.0,CARD,3688487061977121
21/04/2024 13:09,Edinburgh,Barbara Maple,"Regular Mocha - 2.30, Large Smoothies - Glowing Greens - 2.50",4.8,CARD,2343920002174151
21/04/2024 13:10,Edinburgh,Ernestine Tisdale,"Regular Speciality Tea - Green - 1.30, Large Chai latte - 2.60, Regular Americano - 1.95, Regular Speciality Tea - Fruit - 1.30, Regular Chai latte - 2.30",9.45,CARD,4931935392804470
21/04/2024 13:11,Edinburgh,Clara Jones,Large Flavoured iced latte - Hazelnut - 3.25,3.25,CARD,1701345103128287
21/04/2024 13:13,Edinburgh,Melvin Johansson,Large Speciality Tea - Earl Grey - 1.60,1.6,CARD,4616533291667490
21/04/2024 13:14,Edinburgh,Eusebio Parr,Regular Speciality Tea - Green - 1.30,1.3,CARD,2596757049144579
21/04/2024 13:15,Edinburgh,Robin Osbourne,"Large Speciality Tea - Fruit - 1.60, Large Smoothies - Glowing Greens - 2.50, Large Mocha - 2.70",6.8,CASH,
21/04/2024 13:16,Edinburgh,Mary Ikehara,"Large Flavoured iced latte - Hazelnut - 3.25, Large Chai latte - 2.60, Large Mocha - 2.70",8.55,CARD,6619263526869606
21/04/2024 13:17,Edinburgh,Loren Hahn,"Large Mocha - 2.70, Large Smoothies - Glowing Greens - 2.50",5.2,CARD,6508688148009062
21/04/2024 13:18,Edinburgh,Lynda Atwood,"Regular Speciality Tea - Earl Grey - 1.30, Large Flavoured latte - Hazelnut - 2.85",4.15,CARD,6370777753090268
21/04/2024 13:19,Edinburgh,Eboni Bennett,Large Smoothies - Glowing Greens - 2.50,2.5,CARD,2201936811243726
21/04/2024 13:20,Edinburgh,Donna Frank,Regular Speciality Tea - Green - 1.30,1.3,CARD,2339478993696141
21/04/2024 13:21,Edinburgh,Gabrielle Claypool,Large Smoothies - Glowing Greens - 2.50,2.5,CASH,
21/04/2024 13:22,Edinburgh,Christopher Gonzalez,"Large Smoothies - Carrot Kick - 2.50, Large Speciality Tea - Fruit - 1.60",4.1,CARD,6049424747912032
21/04/2024 13:23,Edinburgh,Andre Poirier,"Regular Smoothies - Carrot Kick - 2.00, Large Speciality Tea - Earl Grey - 1.60",3.6,CARD,8886807844720068
21/04/2024 13:24,Edinburgh,Victor Newson,"Large Speciality Tea - Fruit - 1.60, Large Flavoured latte - Hazelnut - 2.85",4.45,CARD,1348862570387520
21/04/2024 13:25,Edinburgh,Shannon Moore,"Large Flavoured iced latte - Hazelnut - 3.25, Regular Speciality Tea - Earl Grey - 1.30",4.55,CARD,8144202368921673
21/04/2024 13:26,Edinburgh,Lucille Connor,Regular Mocha - 2.30,2.3,CASH,
21/04/2024 13:27,Edinburgh,Annie Jackson,"Regular Smoothies - Carrot Kick - 2.00, Regular Speciality Tea - Earl Grey - 1.30, Regular Speciality Tea - Earl Grey - 1.30, Regular Smoothies - Glowing Greens - 2.00, Regular Chai latte - 2.30",8.9,CARD,7241918640332917
21/04/2024 13:28,Edinburgh,Belle Lingo,"Regular Flavoured latte - Hazelnut - 2.55, Regular Smoothies - Glowing Greens - 2.00",4.55,CARD,7538771697790335
21/04/2024 13:29,Edinburgh,Karen Martich,"Large Chai latte - 2.60, Regular Americano - 1.95, Large Chai latte - 2.60",7.15,CARD,7446402090294736
21/04/2024 13:30,Edinburgh,Melissa Darby,"Regular Smoothies - Glowing Greens - 2.00, Large Chai latte - 2.60, Regular Flavoured latte - Hazelnut - 2.55, Regular Chai latte - 2.30, Regular Smoothies - Carrot Kick - 2.00, Large Speciality Tea - Green - 1.60",13.05,CARD,1649097094784284
21/04/2024 13:31,Edinburgh,James Noyes,"Regular Smoothies - Carrot Kick - 2.00, Large Smoothies - Carrot Kick - 2.50",4.5,CARD,3076970801069621
21/04/2024 13:32,Edinburgh,Dawn Toller,Regular Mocha - 2.30,2.3,CARD,2294835878380963
21/04/2024 13:34,Edinburgh,Michael Moodie,"Regular Mocha - 2.30, Large Mocha - 2.70",5.0,CARD,6488450765029628
21/04/2024 13:35,Edinburgh,Raquel Frey,"Large Smoothies - Glowing Greens - 2.50, Large Flavoured latte - Hazelnut - 2.85, Regular Americano - 1.95, Large Speciality Tea - Green - 1.60, Large Speciality Tea - Earl Grey - 1.60, Large Speciality Tea - Earl Grey - 1.60",12.1,CARD,3188399691597361
21/04/2024 13:36,Edinburgh,Louise Strand,Regular Americano - 1.95,1.95,CARD,2711631012669786
21/04/2024 13:37,Edinburgh,Leo Allen,"Large Chai latte - 2.60, Large Flavoured iced latte - Hazelnut - 3.25, Large Speciality Tea - Earl Grey - 1.60, Large Speciality Tea - Green - 1.60, Regular Speciality Tea - Earl Grey - 1.30",10.35,CARD,3743129159605054
21/04/2024 13:38,Edinburgh,Brent Sakoda,"Regular Flavoured iced latte - Hazelnut - 2.75, Large Flavoured iced latte - Hazelnut - 3.25, Regular Flavoured iced latte - Hazelnut - 2.75, Large Flavoured iced latte - Hazelnut - 3.25, Large Chai latte - 2.60",14.6,CASH,
21/04/2024 13:39,Edinburgh,Brenda Hatherly,"Large Flavoured latte - Hazelnut - 2.85, Large Smoothies - Carrot Kick - 2.50",5.35,CARD,3867176736058701
21/04/2024 13:40,Edinburgh,Colleen Lira,"Regular Flavoured latte - Hazelnut - 2.55, Regular Smoothies - Glowing Greens - 2.00",4.55,CARD,1095091932643764
21/04/2024 13:41,Edinburgh,Maria Knight,"Large Americano - 2.25, Large Smoothies - Glowing Greens - 2.50",4.75,CARD,8052261860792702
21/04/2024 13:42,Edinburgh,Michael Moyer,Regular Mocha - 2.30,2.3,CARD,3401791783180494
21/04/2024 13:43,Edinburgh,Michelle Mathews,"Large Chai latte - 2.60, Regular Chai latte - 2.30, Large Speciality Tea - Fruit - 1.60",6.5,CARD,6064658574435414
21/04/2024 13:44,Edinburgh,John Martinez,"Regular Smoothies - Glowing Greens - 2.00, Regular Flavoured iced latte - Hazelnut - 2.75, Regular Speciality Tea - Fruit - 1.30, Regular Flavoured latte - Hazelnut - 2.55",8.6,CASH,
21/04/2024 13:45,Edinburgh,Rene Chappell,Large Flavoured latte - Hazelnut - 2.85,2.85,CARD,5670246376342999
21/04/2024 13:46,Edinburgh,Mandy Enos,"Large Flavoured iced latte - Hazelnut - 3.25, Large Speciality Tea - Fruit - 1.60, Large Smoothies - Carrot Kick - 2.50",7.35,CARD,5511075530090386
21/04/2024 13:47,Edinburgh,Alexandra Chavira,"Regular Speciality Tea - Green - 1.30, Regular Flavoured latte - Hazelnut - 2.55, Large Mocha - 2.70, Regular Smoothies - Carrot Kick - 2.00",8.55,CARD,4691943903810973
21/04/2024 13:48,Edinburgh,Micheal Baker,Large Speciality Tea - Fruit - 1.60,1.6,CARD,2927706495554026
21/04/2024 13:49,Edinburgh,William Pigford,Regular Americano - 1.95,1.95,CARD,2633365062544969
21/04/2024 13:50,Edinburgh,Mathilde Platt,"Large Chai latte - 2.60, Regular Speciality Tea - Earl Grey - 1.30",3.9,CARD,5368602542388704
21/04/2024 13:51,Edinburgh,Jeff Younker,Large Flavoured latte - Hazelnut - 2.85,2.85,CARD,7541547323632440
21/04/2024 13:52,Edinburgh,Wilma White,Regular Speciality Tea - Green - 1.30,1.3,CARD,5224374333501105
21/04/2024 13:53,Edinburgh,Cecil Shipman,"Regular Flavoured iced latte - Hazelnut - 2.75, Large Flavoured iced latte - Hazelnut - 3.25, Regular Flavoured latte - Hazelnut - 2.55, Regular Smoothies - Glowing Greens - 2.00",10.55,CASH,
21/04/2024 13:55,Edinburgh,David Tebo,"Regular Chai latte - 2.30, Large Speciality Tea - Earl Grey - 1.60",3.9,CARD,4843643541824470
21/04/2024 13:56,Edinburgh,Willie Veras,Large Smoothies - Carrot Kick - 2.50,2.5,CASH,
21/04/2024 13:57,Edinburgh,Genesis Hart,"Large Mocha - 2.70, Large Smoothies - Glowing Greens - 2.50, Large Speciality Tea - Earl Grey - 1.60, Large Smoothies - Carrot Kick - 2.50, Large Speciality Tea - Green - 1.60",10.9,CARD,2356015980488681
21/04/2024 13:58,Edinburgh,Kelly Prescott,"Regular Chai latte - 2.30, Large Flavoured latte - Hazelnut - 2.85, Large Chai latte - 2.60, Large Chai latte - 2.60, Regular Smoothies - Carrot Kick - 2.00",12.35,CARD,5476878597787122
21/04/2024 13:59,Edinburgh,Kendra Bowers,"Large Mocha - 2.70, Large Mocha - 2.70, Regular Mocha - 2.30, Regular Smoothies - Glowing Greens - 2.00",9.7,CASH,
21/04/2024 14:00,Edinburgh,Misty Compton,"Large Chai latte - 2.60, Regular Americano - 1.95, Large Chai latte - 2.60",7.15,CARD,9330858874192881
21/04/2024 14:01,Edinburgh,Imogene Rodriquez,"Regular Flavoured iced latte - Hazelnut - 2.75, Regular Mocha - 2.30",5.05,CARD,6766361737516157
21/04/2024 14:02,Edinburgh,William Caldwell,"Regular Flavoured iced latte - Hazelnut - 2.75, Large Smoothies - Carrot Kick - 2.50",5.25,CARD,4060945095679653
21/04/2024 14:03,Edinburgh,Henrietta Evans,"Large Smoothies - Carrot Kick - 2.50, Regular Flavoured iced latte - Hazelnut - 2.75",5.25,CASH,
21/04/2024 14:04,Edinburgh,Scott Patron,"Large Chai latte - 2.60, Large Speciality Tea - Earl Grey - 1.60, Regular Smoothies - Carrot Kick - 2.00, Regular Smoothies - Glowing Greens - 2.00, Large Smoothies - Glowing Greens - 2.50",10.7,CARD,9532969370348393
21/04/2024 14:04,Edinburgh,Charles Brown,"Large Speciality Tea - Fruit - 1.60, Large Speciality Tea - Green - 1.60",3.2,CARD,1991742305761705
21/04/2024 14:05,Edinburgh,Elizabeth Goodwin,Large Flavoured iced latte - Hazelnut - 3.25,3.25,CASH,
21/04/2024 14:06,Edinburgh,Chelsea Schafer,Large Flavoured latte - Hazelnut - 2.85,2.85,CARD,9531950943175961
21/04/2024 14:07,Edinburgh,Jason Gibson,"Regular Smoothies - Carrot Kick - 2.00, Large Smoothies - Carrot Kick - 2.50, Regular Flavoured iced latte - Hazelnut - 2.75",7.25,CARD,4198882922320655
21/04/2024 14:08,Edinburgh,Denna Mclean,"Regular Chai latte - 2.30, Regular Smoothies - Glowing Greens - 2.00, Large Flavoured iced latte - Hazelnut - 3.25",7.55,CARD,8604604057971824
21/04/2024 14:09,Edinburgh,Lisa Mellerson,Regular Chai latte - 2.30,2.3,CASH,
21/04/2024 14:10,Edinburgh,Matthew Fields,"Regular Smoothies - Glowing Greens - 2.00, Regular Americano - 1.95, Large Speciality Tea - Earl Grey - 1.60, Regular Speciality Tea - Green - 1.30",6.85,CARD,1659099802362417
21/04/2024 14:11,Edinburgh,Angela Sweeney,Regular Speciality Tea - Fruit - 1.30,1.3,CARD,5431162866373947
21/04/2024 14:12,Edinburgh,Jesse Marinez,"Large Flavoured latte - Hazelnut - 2.85, Large Flavoured iced latte - Hazelnut - 3.25",6.1,CARD,3435502466636076
21/04/2024 14:13,Edinburgh,Ralph Covert,"Large Speciality Tea - Green - 1.60, Regular Flavoured latte - Hazelnut - 2.55, Large Americano - 2.25, Regular Speciality Tea - Fruit - 1.30",7.7,CARD,5229462985176883
21/04/2024 14:14,Edinburgh,Yukiko Castillo,"Regular Chai latte - 2.30, Regular Smoothies - Glowing Greens - 2.00, Regular Americano - 1.95, Large Flavoured iced latte - Hazelnut - 3.25, Regular Chai latte - 2.30, Regular Speciality Tea - Earl Grey - 1.30",13.1,CARD,5006149473574094
21/04/2024 14:15,Edinburgh,Daniel Yokum,"Regular Smoothies - Carrot Kick - 2.00, Regular Smoothies - Glowing Greens - 2.00, Regular Speciality Tea - Green - 1.30, Regular Smoothies - Glowing Greens - 2.00",7.3,CARD,9279797772887214
21/04/2024 14:16,Edinburgh,Eugene Norwood,"Regular Flavoured latte - Hazelnut - 2.55, Regular Speciality Tea - Fruit - 1.30, Large Speciality Tea - Earl Grey - 1.60, Large Americano - 2.25, Large Americano - 2.25",9.95,CASH,
21/04/2024 14:17,Edinburgh,Ronald Munoz,"Large Chai latte - 2.60, Large Smoothies - Carrot Kick - 2.50",5.1,CARD,7712210232855478
21/04/2024 14:18,Edinburgh,Mark Latouche,"Large Chai latte - 2.60, Large Flavoured iced latte - Hazelnut - 3.25",5.85,CARD,7452514408687118
21/04/2024 14:18,Edinburgh,Adam Bailey,"Large Flavoured iced latte - Hazelnut - 3.25, Regular Mocha - 2.30, Large Speciality Tea - Earl Grey - 1.60, Large Flavoured latte - Hazelnut - 2.85, Large Americano - 2.25",12.25,CASH,
21/04/2024 14:19,Edinburgh,Gloria Dudley,Large Chai latte - 2.60,2.6,CASH,
21/04/2024 14:20,Edinburgh,Linda Hudson,"Regular Flavoured iced latte - Hazelnut - 2.75, Regular Flavoured latte - Hazelnut - 2.55, Large Flavoured latte - Hazelnut - 2.85, Large Smoothies - Glowing Greens - 2.50, Regular Flavoured latte - Hazelnut - 2.55",13.2,CASH,
21/04/2024 14:21,Edinburgh,Lorraine Mills,Regular Mocha - 2.30,2.3,CARD,3979705985473443
21/04/2024 14:22,Edinburgh,Eric Stordahl,"Large Flavoured latte - Hazelnut - 2.85, Regular Americano - 1.95, Regular Chai latte - 2.30, Regular Chai latte - 2.30",9.4,CARD,5252307858548227
21/04/2024 14:23,Edinburgh,Dorothy Luneau,"Large Smoothies - Glowing Greens - 2.50, Large Speciality Tea - Earl Grey - 1.60, Regular Chai latte - 2.30, Regular Mocha - 2.30, Large Americano - 2.25, Large Speciality Tea - Green - 1.60",12.55,CARD,5075331941085682
21/04/2024 14:24,Edinburgh,Nicole Taylor,"Large Speciality Tea - Earl Grey - 1.60, Large Flavoured latte - Hazelnut - 2.85",4.45,CASH,
21/04/2024 14:25,Edinburgh,Donald Narron,"Large Mocha - 2.70, Regular Flavoured latte - Hazelnut - 2.55, Regular Mocha - 2.30, Regular Speciality Tea - Green - 1.30",8.85,CARD,1806027501132636
21/04/2024 14:26,Edinburgh,Ty Hafferkamp,"Large Chai latte - 2.60, Large Americano - 2.25, Large Speciality Tea - Earl Grey - 1.60",6.45,CASH,
21/04/2024 14:27,Edinburgh,James Randell,"Regular Chai latte - 2.30, Regular Speciality Tea - Green - 1.30, Large Smoothies - Glowing Greens - 2.50",6.1,CASH,
21/04/2024 14:28,Edinburgh,Curtis Phillips,"Large Flavoured iced latte - Hazelnut - 3.25, Regular Speciality Tea - Green - 1.30, Large Chai latte - 2.60, Regular Flavoured latte - Hazelnut - 2.55, Regular Speciality Tea - Green - 1.30",11.0,CARD,6409701582619488
21/04/2024 14:29,Edinburgh,Alberta Romeo,"Regular Speciality Tea - Green - 1.30, Regular Mocha - 2.30, Large Flavoured latte - Hazelnut - 2.85, Regular Speciality Tea - Earl Grey - 1.30, Regular Speciality Tea - Earl Grey - 1.30",9.05,CARD,6291832856803292
21/04/2024 14:30,Edinburgh,Edward Dux,"Large Smoothies - Carrot Kick - 2.50, Regular Mocha - 2.30, Regular Flavoured latte - Hazelnut - 2.55, Large Mocha - 2.70",10.05,CARD,4402214105223124
21/04/2024 14:31,Edinburgh,Christopher Marshall,Large Smoothies - Glowing Greens - 2.50,2.5,CARD,5281891149454541
21/04/2024 14:32,Edinburgh,Irma Washington,Regular Flavoured iced latte - Hazelnut - 2.75,2.75,CASH,
21/04/2024 14:32,Edinburgh,Christina Strawder,"Large Mocha - 2.70, Large Smoothies - Glowing Greens - 2.50",5.2,CASH,
21/04/2024 14:33,Edinburgh,Carrie Morsbach,"Large Speciality Tea - Fruit - 1.60, Regular Flavoured latte - Hazelnut - 2.55, Large Smoothies - Glowing Greens - 2.50, Regular Flavoured latte - Hazelnut - 2.55",9.2,CASH,
21/04/2024 14:34,Edinburgh,Janet Burch,"Large Speciality Tea - Earl Grey - 1.60, Regular Smoothies - Glowing Greens - 2.00",3.6,CARD,2445867025928943
21/04/2024 14:35,Edinburgh,Kimberly Turner,"Large Speciality Tea - Green - 1.60, Large Speciality Tea - Green - 1.60, Large Speciality Tea - Green - 1.60",4.8,CASH,
21/04/2024 14:36,Edinburgh,Patty Stern,"Large Smoothies - Glowing Greens - 2.50, Regular Speciality Tea - Earl Grey - 1.30, Regular Speciality Tea - Earl Grey - 1.30, Regular Chai latte - 2.30",7.4,CARD,3557265163618842
21/04/2024 14:37,Edinburgh,Eric Gibson,"Regular Chai latte - 2.30, Large Chai latte - 2.60, Large Smoothies - Glowing Greens - 2.50",7.4,CARD,7262970107935166
21/04/2024 14:38,Edinburgh,Regina Cerda,"Large Americano - 2.25, Regular Mocha - 2.30, Regular Flavoured iced latte - Hazelnut - 2.75",7.3,CARD,4261494594579595
21/04/2024 14:39,Edinburgh,Arthur Farness,"Large Chai latte - 2.60, Large Speciality Tea - Green - 1.60",4.2,CARD,7358047807140579
21/04/2024 14:40,Edinburgh,Benjamin Savage,"Large Smoothies - Glowing Greens - 2.50, Regular Chai latte - 2.30, Large Smoothies - Glowing Greens - 2.50",7.3,CASH,
21/04/2024 14:41,Edinburgh,Stephen Lank,Large Smoothies - Carrot Kick - 2.50,2.5,CARD,4235830674139884
21/04/2024 14:42,Edinburgh,Ruth Rodriquez,"Regular Flavoured iced latte - Hazelnut - 2.75, Regular Speciality Tea - Earl Grey - 1.30, Large Speciality Tea - Earl Grey - 1.60, Large Speciality Tea - Earl Grey - 1.60, Large Smoothies - Glowing Greens - 2.50, Regular Smoothies - Glowing Greens - 2.00",11.75,CARD,6335079119773490
21/04/2024 14:43,Edinburgh,Charles Tvedt,"Regular Speciality Tea - Green - 1.30, Regular Speciality Tea - Earl Grey - 1.30, Large Smoothies - Carrot Kick - 2.50, Regular Mocha - 2.30, Regular Speciality Tea - Green - 1.30, Large Speciality Tea - Earl Grey - 1.60",10.3,CARD,7866101016820505
21/04/2024 14:44,Edinburgh,Hipolito Hadley,"Large Chai latte - 2.60, Large Speciality Tea - Fruit - 1.60, Large Smoothies - Carrot Kick - 2.50",6.7,CARD,6409246834532587
21/04/2024 14:45,Edinburgh,Marian Whitehurst,"Large Speciality Tea - Green - 1.60, Regular Chai latte - 2.30, Large Speciality Tea - Earl Grey - 1.60",5.5,CARD,6354010185347391
21/04/2024 14:46,Edinburgh,John Maasch,"Large Smoothies - Carrot Kick - 2.50, Large Flavoured iced latte - Hazelnut - 3.25, Regular Speciality Tea - Earl Grey - 1.30, Large Speciality Tea - Fruit - 1.60, Large Speciality Tea - Earl Grey - 1.60, Regular Speciality Tea - Green - 1.30",11.55,CARD,5746820816593063
21/04/2024 14:46,Edinburgh,Jeremiah Berger,"Regular Speciality Tea - Green - 1.30, Regular Smoothies - Carrot Kick - 2.00, Regular Flavoured iced latte - Hazelnut - 2.75, Regular Flavoured iced latte - Hazelnut - 2.75, Regular Speciality Tea - Fruit - 1.30",10.1,CARD,5946746919929375
21/04/2024 14:47,Edinburgh,Helen Kirker,"Large Speciality Tea - Green - 1.60, Large Speciality Tea - Earl Grey - 1.60",3.2,CASH,
21/04/2024 14:48,Edinburgh,Willie Martin,Large Mocha - 2.70,2.7,CARD,5841616436994773
21/04/2024 14:49,Edinburgh,Kevin Posey,"Large Flavoured latte - Hazelnut - 2.85, Large Chai latte - 2.60",5.45,CARD,5892623890368186
21/04/2024 14:50,Edinburgh,Raphael Vantassel,"Regular Smoothies - Carrot Kick - 2.00, Regular Flavoured latte - Hazelnut - 2.55, Regular Flavoured iced latte - Hazelnut - 2.75",7.3,CARD,9086652547995925
21/04/2024 14:51,Edinburgh,Andrew Aris,"Regular Chai latte - 2.30, Large Flavoured iced latte - Hazelnut - 3.25, Regular Flavoured iced latte - Hazelnut - 2.75, Regular Smoothies - Carrot Kick - 2.00",10.3,CARD,5547288019487124
21/04/2024 14:52,Edinburgh,Carol Carlson,"Large Chai latte - 2.60, Large Flavoured iced latte - Hazelnut - 3.25, Regular Speciality Tea - Fruit - 1.30, Regular Speciality Tea - Fruit - 1.30, Regular Flavoured latte - Hazelnut - 2.55",11.0,CARD,4195093701358851
21/04/2024 14:53,Edinburgh,Ronald Yount,Large Flavoured latte - Hazelnut - 2.85,2.85,CARD,3215498888229697
21/04/2024 14:54,Edinburgh,Betty Smiechowski,"Large Speciality Tea - Green - 1.60, Large Flavoured latte - Hazelnut - 2.85, Regular Speciality Tea - Earl Grey - 1.30, Regular Chai latte - 2.30",8.05,CARD,5419570848751810
21/04/2024 14:55,Edinburgh,Jennifer Henderson,"Large Chai latte - 2.60, Regular Chai latte - 2.30, Regular Americano - 1.95, Large Americano - 2.25, Large Chai latte - 2.60",11.7,CARD,8764882863247239
21/04/2024 14:56,Edinburgh,Horace Cunningham,"Large Flavoured iced latte - Hazelnut - 3.25, Large Flavoured latte - Hazelnut - 2.85",6.1,CARD,5330483010905154
21/04/2024 14:57,Edinburgh,Mickie Gray,"Regular Mocha - 2.30, Large Speciality Tea - Fruit - 1.60, Large Smoothies - Carrot Kick - 2.50",6.4,CARD,5922490263386258
21/04/2024 14:58,Edinburgh,Jeffery Cobb,"Regular Americano - 1.95, Regular Mocha - 2.30, Large Flavoured latte - Hazelnut - 2.85, Regular Speciality Tea - Earl Grey - 1.30, Large Mocha - 2.70, Large Speciality Tea - Earl Grey - 1.60",12.7,CARD,5267016649052322
21/04/2024 14:59,Edinburgh,Thomas Harley,"Large Speciality Tea - Green - 1.60, Large Americano - 2.25, Large Mocha - 2.70",6.55,CASH,
21/04/2024 15:00,Edinburgh,Rafael Varela,"Regular Flavoured iced latte - Hazelnut - 2.75, Regular Americano - 1.95, Large Mocha - 2.70, Regular Smoothies - Glowing Greens - 2.00, Regular Flavoured latte - Hazelnut - 2.55",11.95,CASH,
21/04/2024 15:00,Edinburgh,Susan Mccollough,"Regular Americano - 1.95, Regular Speciality Tea - Earl Grey - 1.30",3.25,CARD,8005380508535218
21/04/2024 15:01,Edinburgh,Peter Reese,Large Flavoured iced latte - Hazelnut - 3.25,3.25,CARD,6653621696483808
21/04/2024 15:02,Edinburgh,Beverly Mcbeth,Regular Speciality Tea - Earl Grey - 1.30,1.3,CARD,3904809716858162
21/04/2024 15:03,Edinburgh,Herbert Hunter,Regular Speciality Tea - Earl Grey - 1.30,1.3,CASH,
21/04/2024 15:04,Edinburgh,Veronica Perez,Regular Smoothies - Glowing Greens - 2.00,2.0,CARD,4911459608058319
21/04/2024 15:04,Edinburgh,Diane Bishop,"Regular Speciality Tea - Earl Grey - 1.30, Regular Flavoured latte - Hazelnut - 2.55, Regular Americano - 1.95, Large Flavoured latte - Hazelnut - 2.85",8.65,CASH,
21/04/2024 15:05,Edinburgh,Mary Wells,"Large Smoothies - Glowing Greens - 2.50, Large Americano - 2.25, Large Speciality Tea - Green - 1.60",6.35,CASH,
21/04/2024 15:06,Edinburgh,Mark Maryland,"Large Flavoured iced latte - Hazelnut - 3.25, Regular Speciality Tea - Green - 1.30, Regular Speciality Tea - Earl Grey - 1.30, Regular Speciality Tea - Green - 1.30",7.15,CASH,
21/04/2024 15:07,Edinburgh,Michelle Bennett,Regular Smoothies - Glowing Greens - 2.00,2.0,CARD,7283811675177167
21/04/2024 15:08,Edinburgh,Larry Obryon,Regular Speciality Tea - Fruit - 1.30,1.3,CASH,
21/04/2024 15:09,Edinburgh,Peggy Couto,"Regular Chai latte - 2.30, Regular Flavoured iced latte - Hazelnut - 2.75, Large Smoothies - Glowing Greens - 2.50, Large Chai latte - 2.60, Regular Chai latte - 2.30, Regular Mocha - 2.30",14.75,CASH,
21/04/2024 15:09,Edinburgh,Craig Butler,Regular Chai latte - 2.30,2.3,CARD,1357609434671448
21/04/2024 15:10,Edinburgh,Kimberly Arevalo,Large Flavoured iced latte - Hazelnut - 3.25,3.25,CASH,
21/04/2024 15:11,Edinburgh,Victoria Babineau,Large Mocha - 2.70,2.7,CASH,
21/04/2024 15:12,Edinburgh,Gregory Moran,Regular Flavoured latte - Hazelnut - 2.55,2.55,CARD,3684322082806234
21/04/2024 15:13,Edinburgh,Lucille Roman,"Large Smoothies - Carrot Kick - 2.50, Regular Speciality Tea - Earl Grey - 1.30, Regular Chai latte - 2.30, Large Chai latte - 2.60, Large Speciality Tea - Earl Grey - 1.60",10.3,CARD,8246245846208100
21/04/2024 15:13,Edinburgh,Frederick Rouse,"Large Smoothies - Carrot Kick - 2.50, Regular Smoothies - Glowing Greens - 2.00, Regular Smoothies - Carrot Kick - 2.00, Regular Chai latte - 2.30",8.8,CARD,4859630728230126
21/04/2024 15:14,Edinburgh,Helen Craig,Regular Speciality Tea - Earl Grey - 1.30,1.3,CARD,3365846548352230
21/04/2024 15:15,Edinburgh,Rose Lovelady,Large Chai latte - 2.60,2.6,CASH,
21/04/2024 15:16,Edinburgh,Wayne Patel,Large Flavoured latte - Hazelnut - 2.85,2.85,CARD,3203042641666420
21/04/2024 15:17,Edinburgh,Emma Nicholson,Regular Smoothies - Glowing Greens - 2.00,2.0,CARD,4854577316765612
21/04/2024 15:17,Edinburgh,Cristobal Black,Large Flavoured iced latte - Hazelnut - 3.25,3.25,CARD,8954446282285592
21/04/2024 15:18,Edinburgh,Alexander Davis,"Large Mocha - 2.70, Large Americano - 2.25",4.95,CARD,3393035462309943
21/04/2024 15:19,Edinburgh,Carolyn Johnston,Large Chai latte - 2.60,2.6,CARD,9894799515468112
21/04/2024 15:20,Edinburgh,Cynthia Walker,"Large Flavoured latte - Hazelnut - 2.85, Large Speciality Tea - Earl Grey - 1.60",4.45,CARD,8397405833223625
21/04/2024 15:21,Edinburgh,Dwayne Wadusky,"Large Speciality Tea - Fruit - 1.60, Large Americano - 2.25, Regular Speciality Tea - Earl Grey - 1.30",5.15,CARD,2132267398731731
21/04/2024 15:22,Edinburgh,Linda Smith,"Regular Chai latte - 2.30, Regular Flavoured latte - Hazelnut - 2.55, Large Mocha - 2.70",7.55,CARD,2930543014374135
21/04/2024 15:22,Edinburgh,Janice Hegwood,"Large Flavoured iced latte - Hazelnut - 3.25, Large Speciality Tea - Green - 1.60, Large Flavoured iced latte - Hazelnut - 3.25, Regular Flavoured iced latte - Hazelnut - 2.75, Large Speciality Tea - Fruit - 1.60, Large Flavoured latte - Hazelnut - 2.85",15.3,CASH,
21/04/2024 15:23,Edinburgh,Dustin Smithey,"Large Smoothies - Carrot Kick - 2.50, Regular Flavoured iced latte - Hazelnut - 2.75",5.25,CARD,8288218326978143
21/04/2024 15:24,Edinburgh,Tracie Ardrey,Large Smoothies - Glowing Greens - 2.50,2.5,CASH,
21/04/2024 15:25,Edinburgh,Donald Neal,"Large Mocha - 2.70, Regular Mocha - 2.30",5.0,CASH,
21/04/2024 15:26,Edinburgh,Betty Kirkland,"Regular Chai latte - 2.30, Large Speciality Tea - Fruit - 1.60, Regular Americano - 1.95, Large Flavoured latte - Hazelnut - 2.85, Large Flavoured latte - Hazelnut - 2.85",11.55,CARD,6134847622230715
21/04/2024 15:26,Edinburgh,Joseph Nieves,"Large Americano - 2.25, Large Mocha - 2.70, Large Americano - 2.25, Regular Smoothies - Glowing Greens - 2.00",9.2,CARD,3358693753605785
21/04/2024 15:27,Edinburgh,Brock Dusenbery,"Large Smoothies - Carrot Kick - 2.50, Large Smoothies - Carrot Kick - 2.50",5.0,CASH,
21/04/2024 15:28,Edinburgh,Kristi Alber,"Regular Chai latte - 2.30, Large Flavoured latte - Hazelnut - 2.85, Large Flavoured iced latte - Hazelnut - 3.25, Regular Chai latte - 2.30, Large Speciality Tea - Earl Grey - 1.60, Regular Flavoured latte - Hazelnut - 2.55",14.85,CARD,3190847588012015
21/04/2024 15:29,Edinburgh,Irene Williams,Regular Smoothies - Glowing Greens - 2.00,2.0,CARD,7727123074896936
21/04/2024 15:30,Edinburgh,Anthony Aguilar,"Large Americano - 2.25, Regular Americano - 1.95",4.2,CARD,9504040555056619
21/04/2024 15:31,Edinburgh,Johnnie Busch,"Large Flavoured iced latte - Hazelnut - 3.25, Large Americano - 2.25",5.5,CASH,
21/04/2024 15:31,Edinburgh,Michael Squires,Large Mocha - 2.70,2.7,CARD,3981968268783478
21/04/2024 15:32,Edinburgh,Donna Christensen,Large Americano - 2.25,2.25,CARD,4332263396300312
21/04/2024 15:33,Edinburgh,Marie Mcgee,"Regular Speciality Tea - Green - 1.30, Large Flavoured iced latte - Hazelnut - 3.25",4.55,CARD,9091434949193558
21/04/2024 15:34,Edinburgh,Josephine Arnold,Regular Speciality Tea - Green - 1.30,1.3,CARD,4933174009517201
21/04/2024 15:35,Edinburgh,Angela Roman,"Regular Smoothies - Glowing Greens - 2.00, Regular Speciality Tea - Green - 1.30, Large Americano - 2.25",5.55,CARD,8684799229540178
21/04/2024 15:35,Edinburgh,Ruthann Elford,"Large Flavoured latte - Hazelnut - 2.85, Regular Chai latte - 2.30",5.15,CARD,7856126875212695
21/04/2024 15:36,Edinburgh,Agnes Niebuhr,Regular Speciality Tea - Green - 1.30,1.3,CARD,4725944877177487
21/04/2024 15:37,Edinburgh,Haley Behne,"Large Chai latte - 2.60, Regular Chai latte - 2.30, Regular Chai latte - 2.30, Regular Americano - 1.95, Regular Smoothies - Carrot Kick - 2.00",11.15,CASH,
21/04/2024 15:38,Edinburgh,Latoya Arrington,Regular Smoothies - Glowing Greens - 2.00,2.0,CASH,
21/04/2024 15:39,Edinburgh,Annie Jones,"Large Speciality Tea - Earl Grey - 1.60, Regular Chai latte - 2.30, Large Smoothies - Carrot Kick - 2.50, Large Flavoured iced latte - Hazelnut - 3.25",9.65,CARD,4999798773292193
21/04/2024 15:40,Edinburgh,Newton Butler,"Large Smoothies - Glowing Greens - 2.50, Large Speciality Tea - Fruit - 1.60, Regular Mocha - 2.30",6.4,CASH,
21/04/2024 15:40,Edinburgh,Babette Worthington,Large Speciality Tea - Green - 1.60,1.6,CARD,7363618721387370
21/04/2024 15:41,Edinburgh,Martha Bixler,Large Smoothies - Glowing Greens - 2.50,2.5,CARD,4334809650399221
21/04/2024 15:42,Edinburgh,Gladys Collins,"Regular Flavoured iced latte - Hazelnut - 2.75, Regular Smoothies - Carrot Kick - 2.00, Large Speciality Tea - Fruit - 1.60, Regular Mocha - 2.30, Large Flavoured latte - Hazelnut - 2.85",11.5,CARD,1763102700905779
21/04/2024 15:43,Edinburgh,Melody Watkins,"Regular Mocha - 2.30, Large Flavoured iced latte - Hazelnut - 3.25, Regular Flavoured latte - Hazelnut - 2.55",8.1,CARD,7153355278433171
21/04/2024 15:44,Edinburgh,Eddie Saravia,Large Flavoured iced latte - Hazelnut - 3.25,3.25,CASH,
21/04/2024 15:44,Edinburgh,Danny Segovia,Regular Speciality Tea - Fruit - 1.30,1.3,CARD,8293416587252922
21/04/2024 15:45,Edinburgh,Mary Gonzalez,"Large Mocha - 2.70, Large Smoothies - Glowing Greens - 2.50, Regular Speciality Tea - Earl Grey - 1.30",6.5,CARD,3898473821365784
21/04/2024 15:46,Edinburgh,Sandra Sultzer,"Large Speciality Tea - Fruit - 1.60, Regular Speciality Tea - Earl Grey - 1.30, Large Mocha - 2.70, Regular Mocha - 2.30",7.9,CARD,5144095278697712
21/04/2024 15:47,Edinburgh,Jennifer Corral,"Regular Speciality Tea - Fruit - 1.30, Large Smoothies - Carrot Kick - 2.50, Regular Speciality Tea - Earl Grey - 1.30, Regular Flavoured latte - Hazelnut - 2.55",7.65,CASH,
21/04/2024 15:48,Edinburgh,Philip Allendorf,"Large Flavoured latte - Hazelnut - 2.85, Large Speciality Tea - Earl Grey - 1.60",4.45,CARD,2345630932722696
21/04/2024 15:49,Edinburgh,Raymond Rosenberger,"Large Chai latte - 2.60, Large Speciality Tea - Earl Grey - 1.60",4.2,CASH,
21/04/2024 15:49,Edinburgh,Harold Wright,"Regular Speciality Tea - Green - 1.30, Large Speciality Tea - Fruit - 1.60",2.9,CARD,1851340947722672
21/04/2024 15:50,Edinburgh,Bridget Caneles,"Large Speciality Tea - Fruit - 1.60, Regular Smoothies - Carrot Kick - 2.00",3.6,CARD,7853047531281432
21/04/2024 15:51,Edinburgh,Kevin Lee,Regular Smoothies - Glowing Greens - 2.00,2.0,CARD,2123956382232091
21/04/2024 15:52,Edinburgh,Samuel Wilson,"Regular Chai latte - 2.30, Large Americano - 2.25, Large Flavoured iced latte - Hazelnut - 3.25",7.8,CARD,9279752824159073
21/04/2024 15:53,Edinburgh,Zachary Mckemie,"Regular Smoothies - Glowing Greens - 2.00, Large Smoothies - Glowing Greens - 2.50, Regular Flavoured iced latte - Hazelnut - 2.75",7.25,CARD,7397685091016068
21/04/2024 15:53,Edinburgh,Frederick Pacheco,"Large Speciality Tea - Green - 1.60, Large Flavoured iced latte - Hazelnut - 3.25, Large Speciality Tea - Green - 1.60, Large Speciality Tea - Fruit - 1.60, Regular Chai latte - 2.30, Large Speciality Tea - Green - 1.60",11.95,CASH,
21/04/2024 15:54,Edinburgh,Javier Ballard,"Large Smoothies - Glowing Greens - 2.50, Regular Speciality Tea - Green - 1.30, Large Flavoured latte - Hazelnut - 2.85, Large Smoothies - Carrot Kick - 2.50",9.15,CARD,8674878585976639
21/04/2024 15:55,Edinburgh,Kent Simmons,"Regular Americano - 1.95, Regular Americano - 1.95, Large Flavoured iced latte - Hazelnut - 3.25, Large Americano - 2.25, Large Flavoured iced latte - Hazelnut - 3.25",12.65,CASH,
21/04/2024 15:56,Edinburgh,Jamel Venkus,"Large Speciality Tea - Earl Grey - 1.60, Regular Speciality Tea - Fruit - 1.30, Regular Flavoured latte - Hazelnut - 2.55",5.45,CARD,5090514337074158
21/04/2024 15:57,Edinburgh,Ismael Gonzalez,"Large Mocha - 2.70, Large Flavoured latte - Hazelnut - 2.85, Regular Smoothies - Carrot Kick - 2.00",7.55,CARD,7605793308621470
21/04/2024 15:58,Edinburgh,Raymond Bailey,"Large Smoothies - Carrot Kick - 2.50, Regular Flavoured iced latte - Hazelnut - 2.75, Regular Speciality Tea - Fruit - 1.30, Regular Chai latte - 2.30",8.85,CARD,2471429519148361
21/04/2024 15:58,Edinburgh,Ashley Kyle,"Regular Smoothies - Carrot Kick - 2.00, Large Mocha - 2.70",4.7,CARD,4882493182463485
21/04/2024 15:59,Edinburgh,Kimberly Joslyn,"Regular Speciality Tea - Green - 1.30, Large Flavoured latte - Hazelnut - 2.85, Large Smoothies - Carrot Kick - 2.50",6.65,CARD,1848996650204888
21/04/2024 16:00,Edinburgh,Lilly Tunnell,"Large Smoothies - Glowing Greens - 2.50, Regular Flavoured latte - Hazelnut - 2.55",5.05,CASH,
21/04/2024 16:03,Edinburgh,John Main,"Regular Smoothies - Glowing Greens - 2.00, Regular Flavoured iced latte - Hazelnut - 2.75",4.75,CASH,
21/04/2024 16:06,Edinburgh,Jeanna Mcvea,"Large Americano - 2.25, Regular Mocha - 2.30, Large Chai latte - 2.60, Large Smoothies - Glowing Greens - 2.50, Large Mocha - 2.70, Regular Flavoured latte - Hazelnut - 2.55",14.9,CARD,7727067033886500
21/04/2024 16:09,Edinburgh,Yvonne Ferris,Regular Flavoured iced latte - Hazelnut - 2.75,2.75,CARD,6603372777450810
21/04/2024 16:13,Edinburgh,Carol Barbour,Regular Speciality Tea - Green - 1.30,1.3,CASH,
21/04/2024 16:16,Edinburgh,Jenna Klitz,"Regular Mocha - 2.30, Regular Smoothies - Carrot Kick - 2.00",4.3,CARD,6236306520666180
21/04/2024 16:19,Edinburgh,David Crowe,Large Speciality Tea - Green - 1.60,1.6,CARD,7916025573704503
21/04/2024 16:22,Edinburgh,Susan Mulligan,"Regular Speciality Tea - Earl Grey - 1.30, Regular Speciality Tea - Earl Grey - 1.30, Large Chai latte - 2.60, Regular Mocha - 2.30, Regular Speciality Tea - Fruit - 1.30",8.8,CASH,
21/04/2024 16:25,Edinburgh,Joy Green,"Regular Americano - 1.95, Regular Speciality Tea - Fruit - 1.30",3.25,CARD,8410236718317602
21/04/2024 16:28,Edinburgh,Willa Corkill,Large Smoothies - Glowing Greens - 2.50,2.5,CARD,6272058878803958
21/04/2024 16:31,Edinburgh,Sylvia Kabel,"Large Smoothies - Carrot Kick - 2.50, Large Americano - 2.25",4.75,CARD,2520097101940238
21/04/2024 16:35,Edinburgh,Henry Rasco,"Regular Smoothies - Glowing Greens - 2.00, Large Flavoured latte - Hazelnut - 2.85, Large Smoothies - Carrot Kick - 2.50",7.35,CARD,8303151817424572
21/04/2024 16:38,Edinburgh,William Rios,Large Smoothies - Carrot Kick - 2.50,2.5,CARD,9510544078323498
21/04/2024 16:41,Edinburgh,Raymond Ng,"Large Speciality Tea - Fruit - 1.60, Regular Smoothies - Glowing Greens - 2.00",3.6,CARD,5371758247151396
21/04/2024 16:44,Edinburgh,James Petrie,"Regular Americano - 1.95, Regular Speciality Tea - Green - 1.30, Regular Chai latte - 2.30, Large Speciality Tea - Green - 1.60, Large Chai latte - 2.60",9.75,CASH,
21/04/2024 16:47,Edinburgh,Linda Southerland,"Regular Chai latte - 2.30, Regular Smoothies - Carrot Kick - 2.00, Regular Speciality Tea - Earl Grey - 1.30",5.6,CARD,4223748059365612
21/04/2024 16:50,Edinburgh,James French,"Regular Chai latte - 2.30, Regular Flavoured iced latte - Hazelnut - 2.75",5.05,CASH,
21/04/2024 16:54,Edinburgh,Michael Smith,"Regular Chai latte - 2.30, Regular Speciality Tea - Green - 1.30",3.6,CARD,4228107248595102
21/04/2024 16:57,Edinburgh,Kristen Pearse,"Regular Smoothies - Carrot Kick - 2.00, Large Flavoured iced latte - Hazelnut - 3.25, Regular Speciality Tea - Earl Grey - 1.30",6.55,CASH,
